variant,hypothesis,tests,brier,logloss,n,delta_brier_vs_base,delta_logloss_vs_base,verdict
BASE,-,reference configuration,0.5834726687485084,0.9826973146645993,1120,0.0,0.0,-
H2_no_opp_adjust,H2,opponent-strength normalization of xG,0.5823652673743035,0.9807403398363901,1120,-0.0011074013742049527,-0.0019569748282092236,failed
H7_xg_with_pens,H7,using npxG instead of raw xG,0.5820905688391763,0.9804453383504145,1120,-0.0013820999093321351,-0.0022519763141848337,failed
H8_no_decay,H8,exponential time-decay of match weights,0.5917375676345349,0.9931754567391193,1120,0.00826489888602644,0.010478142074520025,supported
H9_rho_zero,H9,Dixon-Coles low-score correction,0.5835048315658932,0.9826666128064281,1120,3.216281738471771e-05,-3.070185817122262e-05,failed
HL_90,-,half-life sensitivity: 90d,0.5852392664620691,0.9854057948565114,1120,0.0017665977135606914,0.002708480191912055,-
HL_365,-,half-life sensitivity: 365d,0.5852291565562272,0.9847549081911731,1120,0.001756487807718754,0.0020575935265737533,-
