{
  "models_1x2": {
    "glm_dc": {
      "brier": 0.6156915055284294,
      "logloss": 1.0275843083351832,
      "n": 375,
      "brier_common": 0.595859562534703,
      "logloss_common": 1.0006397761006636,
      "n_common": 205
    },
    "gbm_dc": {
      "brier": 0.6109490167093897,
      "logloss": 1.020967046281663,
      "n": 375,
      "brier_common": 0.5903430365227699,
      "logloss_common": 0.9932804723741593,
      "n_common": 205
    },
    "dc_classic": {
      "brier": 0.6183625871136295,
      "logloss": 1.0375370952662988,
      "n": 375,
      "brier_common": 0.5911261228191721,
      "logloss_common": 1.0068275392036448,
      "n_common": 205
    },
    "goals_poisson": {
      "brier": 0.6252663487453043,
      "logloss": 1.1054580293145728,
      "n": 375,
      "brier_common": 0.5907243296526864,
      "logloss_common": 1.1135155037244506,
      "n_common": 205
    },
    "uniform": {
      "brier": 0.666666666666667,
      "logloss": 1.0986122886681096,
      "n": 375,
      "brier_common": 0.6666666666666669,
      "logloss_common": 1.0986122886681096,
      "n_common": 205
    },
    "market": {
      "brier": 0.5874394028237179,
      "logloss": 0.9821771116869402,
      "n": 205,
      "brier_common": 0.5874394028237179,
      "logloss_common": 0.9821771116869402,
      "n_common": 205
    }
  },
  "totals": {
    "glm_dc": {
      "brier": 0.24751774351143097,
      "logloss": 0.6883745026039484,
      "n": 375,
      "brier_common": 0.24534209800230883,
      "logloss_common": 0.6837218781652975,
      "n_common": 205
    },
    "gbm_dc": {
      "brier": 0.24957196504499712,
      "logloss": 0.692833620251172,
      "n": 375,
      "brier_common": 0.24903312789687104,
      "logloss_common": 0.6913157367846958,
      "n_common": 205
    },
    "dc_classic": {
      "brier": 0.25155059943519387,
      "logloss": 0.6987283139153075,
      "n": 375,
      "brier_common": 0.24338051073327857,
      "logloss_common": 0.6834156239263662,
      "n_common": 205
    },
    "goals_poisson": {
      "brier": 0.24734644914089934,
      "logloss": 0.6904786959430746,
      "n": 375,
      "brier_common": 0.23886778655394952,
      "logloss_common": 0.6748653672603956,
      "n_common": 205
    },
    "uniform": {
      "brier": 0.25,
      "logloss": 0.6931471805599454,
      "n": 375,
      "brier_common": 0.25,
      "logloss_common": 0.6931471805599453,
      "n_common": 205
    },
    "market": {
      "brier": 0.24275764900809346,
      "logloss": 0.6784289050563801,
      "n": 205,
      "brier_common": 0.24275764900809346,
      "logloss_common": 0.6784289050563801,
      "n_common": 205
    }
  },
  "config": {
    "initial_train_end": "2025-07-01",
    "step_days": 30,
    "edge_threshold": 0.03,
    "kelly_fraction": 0.25,
    "kelly_cap": 0.02,
    "max_goals": 10,
    "force_rho_zero": false,
    "models": "glm_dc,gbm_dc,dc_classic,goals_poisson,uniform,market",
    "feature_half_life_days": 180.0,
    "feature_red_card_weight": 0.5,
    "feature_adjust_opponent": false,
    "feature_use_npxg": false,
    "feature_decay": true,
    "feature_min_history": 5,
    "feature_venue_blend": 0.3,
    "feature_clamp": [
      0.5,
      2.0
    ]
  },
  "bankroll": {
    "kelly": {
      "final_bankroll": 0.49179133370859,
      "roi": -0.09218021874204371,
      "max_drawdown": 0.6826977952060594,
      "n_bets": 467,
      "total_staked": 5.513207423748653
    },
    "flat": {
      "final_bankroll": 0.7275696204670671,
      "roi": -0.06887741407064465,
      "max_drawdown": 0.4113616538942876,
      "n_bets": 467,
      "total_staked": 3.9552933745960988
    }
  },
  "clv": {
    "mean": -0.07125472648188005,
    "median": -0.053332822186854756,
    "share_positive": 0.15185185185185185,
    "ci_low": -0.08116767535484053,
    "ci_high": -0.06160481110236088,
    "n": 270,
    "n_clusters": 188,
    "bootstrap_unit": "cluster"
  }
}